"","Metabolic pathways","Biosynthesis of secondary metabolites","Carbon metabolism","Ribosome","Biosynthesis of amino acids","Oxidative phosphorylation","Glycolysis / Gluconeogenesis","Carbon fixation in photosynthetic organisms","Pyruvate metabolism","Spliceosome","Protein processing in endoplasmic reticulum","Glutathione metabolism","Starch and sucrose metabolism","Glyoxylate and dicarboxylate metabolism","Photosynthesis","Amino sugar and nucleotide sugar metabolism","Phenylpropanoid biosynthesis","RNA transport","Citrate cycle (TCA cycle)","Pentose phosphate pathway","Purine metabolism","Endocytosis","Proteasome","Fructose and mannose metabolism","Aminoacyl-tRNA biosynthesis","Alanine, aspartate and glutamate metabolism","Glycine, serine and threonine metabolism","Cysteine and methionine metabolism","Peroxisome","Ascorbate and aldarate metabolism","Phagosome","Porphyrin and chlorophyll metabolism","mRNA surveillance pathway","RNA degradation","Plant-pathogen interaction","Fatty acid degradation","alpha-Linolenic acid metabolism","2-Oxocarboxylic acid metabolism","MAPK signaling pathway - plant","Valine, leucine and isoleucine degradation","Glycerolipid metabolism","Galactose metabolism","Phenylalanine, tyrosine and tryptophan biosynthesis","Fatty acid metabolism","Arginine biosynthesis","Tryptophan metabolism","Cyanoamino acid metabolism","Ubiquinone and other terpenoid-quinone biosynthesis","Pyrimidine metabolism","Tyrosine metabolism","Protein export","Arginine and proline metabolism","Histidine metabolism","beta-Alanine metabolism","Glycerophospholipid metabolism","Photosynthesis - antenna proteins","Lysine degradation","Inositol phosphate metabolism","Propanoate metabolism","Butanoate metabolism","Terpenoid backbone biosynthesis","Nitrogen metabolism","Lysine biosynthesis","Phenylalanine metabolism","Riboflavin metabolism","Sulfur metabolism","Ribosome biogenesis in eukaryotes","Nucleotide excision repair","Plant hormone signal transduction","Ubiquitin mediated proteolysis","SNARE interactions in vesicular transport","Fatty acid biosynthesis","Other glycan degradation","Various types of N-glycan biosynthesis","Arachidonic acid metabolism","Sphingolipid metabolism","One carbon pool by folate","Thiamine metabolism","Biosynthesis of unsaturated fatty acids","DNA replication","Phosphatidylinositol signaling system","Pentose and glucuronate interconversions","Cutin, suberine and wax biosynthesis","Monobactam biosynthesis","N-Glycan biosynthesis","Linoleic acid metabolism","Glycosphingolipid biosynthesis - globo and isoglobo series","Vitamin B6 metabolism","Pantothenate and CoA biosynthesis","Folate biosynthesis","Carotenoid biosynthesis","Flavonoid biosynthesis","Mismatch repair","Caffeine metabolism","Valine, leucine and isoleucine biosynthesis","Selenocompound metabolism","Glycosaminoglycan degradation","Glycosphingolipid biosynthesis - ganglio series","Nicotinate and nicotinamide metabolism","Monoterpenoid biosynthesis","Limonene and pinene degradation","Isoquinoline alkaloid biosynthesis","Tropane, piperidine and pyridine alkaloid biosynthesis","Base excision repair","Circadian rhythm - plant","Fatty acid elongation","Taurine and hypotaurine metabolism","Ether lipid metabolism","C5-Branched dibasic acid metabolism","Biotin metabolism","Diterpenoid biosynthesis","Stilbenoid, diarylheptanoid and gingerol biosynthesis","Glucosinolate biosynthesis","ABC transporters","Homologous recombination","Sulfur relay system","Autophagy - other","AGE-RAGE signaling pathway in diabetic complications"
"Means.2Moderate AllData.txt",0.2957545209,-0.593690203,-0.725214402,-2.366582288,-0.338208554,0.7103405119,-0.147258145,-0.176851791,-0.222861844,-0.048799366,-0.399906508,0.068402701,-0.166525455,-0.321199757,0.371459627,0.014862404,0.165115383,0.058304587,-0.341793977,-0.113420802,0.083003234,0.26837375,-0.175819025,0.074743718,0.053758126,0.072322846,0.120401492,0.148572002,-0.044239074,-0.212886667,0.04248828,-0.613874935,-0.076926094,0.05728803,-0.473414018,0.080290727,0.097880883,-0.065854458,-0.058607679,0.025703645,-0.013582076,-0.190430927,-0.159224172,-0.090725898,-0.110198978,0.020224703,-0.016324522,0.393590159,-0.022489136,0.029323397,-0.157007789,0.012442676,-0.033365286,0.052859415,0.106671091,0.33934889,0.019630165,0.141367997,0.014542986,-0.053771378,0.058055822,-0.191670162,0.043910941,0.017867511,0.118575661,-0.115163658,0.067728057,0.012550868,0.190727704,-0.050164072,-0.020762222,-0.001552585,0.078062284,0.106652197,-0.030691843,-0.082845549,0.069114347,-0.288887351,-0.104877111,-0.00597133100000001,-0.020374498,0.032364699,-0.002983461,0.071096169,0.03342611,-0.078623381,-0.00940766700000001,0.018088808,0.068531992,-0.067862706,0.009008448,0.124702863,0.01753448,0.077782054,-0.019697945,0.009218297,0.059881149,0.059881149,0.059849345,0.013691556,0.005767562,-0.025846186,-0.025846186,-0.024207367,0.046643945,0.013303567,0.028901498,0.027723442,-0.047956521,-0.044045114,0.038368652,0.137167469,-0.047956521,0.031341381,-0.001013903,-0.048262045,0.011164261,0.055812256
"Means.3Extreme AllData.txt",1.53991913443,-2.117012121,0.44166426,-1.299767127,-0.036140958,0.70011564943,1.685744075,-0.087526964,0.971002559,0.965772158,1.90333159,0.514312276,0.364730414,-0.476154832,-0.196224081,0.407364391,-0.168648061,0.3862733,0.246353502,0.074697588,0.105154252,1.378674064,0.501249727,-0.056647804,-0.129420492,-0.514121596,0.00353574900000002,0.079674065,0.409550714,0.592558949,0.292571457,-1.263010249,0.130562627,0.49249909,0.196555084,0.743861562,-0.648531725,0.336113442,0.541864466,0.677757151,0.468050915,0.138176899,-0.268711762,0.038102557,-0.130783927,0.504443576,-0.162874048,0.638903532,0.343634371,0.663118998,-0.049338556,0.923230056,0.342718868,0.556926361,0.010311295,0.34724804,0.453040416,0.423000935,0.162430644,0.351500836,-0.484057378,-0.471190155,-0.038377818,-0.125586385,0.272434984,-0.251478127,0.048499432,0.063560239,0.108276086,0.227052322,-0.000777838000000005,0.027937056,0.065160665,-0.008002045,0.340239023,0.097666517,0.014782048,-0.164640854,-0.041674473,-0.114570537,-0.054910906,0.035869765,0.670149616,0.078426032,-0.031489715,-0.212269063,0.090643059,0.045627504,0.243341991,-0.217406133,-0.02765293,-0.327125404,-0.039101219,0.307563101,0.010868553,-0.002394717,-0.06421231,-0.06421231,-0.002318344,-0.093945302,0.106839836,-0.001145436,-0.001145436,-0.013512002,-0.322632116,-0.020639059,-0.03760279,-0.046425573,-0.035071144,-0.053300903,-0.078070835,0.126367411,-0.035071144,0.01544641,-0.002091758,0.105731837,0.048729143,0.067281386
"Means.4Recovery AllData.txt",1.7552528237,-0.8945597333,-0.03517635,-1.724595706,0.0274382527,0.736240227,0.687637571,0.039918461,0.215852543,-0.122861142,-0.508129897,-0.230896158,0.06080839,-0.196952603,0.803091517,0.27997169,0.174405273,0.103312719,0.034056655,-0.137017595,0.101957698,0.195047168,-0.126500889,0.021430178,-0.096515045,0.054046751,0.02754645,-0.00925006,-0.38376868,-0.124832896,0.15104126,-0.33440349,0.024918776,0.113024517,-0.112985314,-0.064504228,-1.126490245,0.055394745,0.402218538,0.043531966,0.339790786,-0.096189312,-0.215863451,-0.345050833,-0.007440165,0.284739454,-0.024200797,0.115753338,0.16355295,0.028925973,-0.126139883,0.250058904,0.117298971,0.197344565,0.148440169,0.494377514,0.159090899,0.19303185,0.00477033199999999,-0.005924394,-0.087619847,-0.087699231,0.0699800437,-0.163677938,0.153893115,-0.088444879,0.137528683,0.019541739,0.28864539,0.086370889,-0.143023569,-0.081444695,0.078451289,0.043044424,0.048358279,0.069317508,0.072962616,-0.025690615,-0.257016541,-0.028887109,0.013324965,-0.023715865,0.267562298,0.086689314,-0.012272717,-0.30326731,0.095094139,0.012968404,0.174558044,-0.06402974,0.08181162,-0.154081846,-0.012525859,0.081119153,0.018841427,-0.060136721,0.016390434,0.016390434,0.009560795,0.013936585,0.078296394,-0.01888902,-0.01888902,-0.050109348,-0.075828335,0.001464463,-0.022236989,0.004985385,-0.032734175,-0.068693254,-0.027790523,0.03975942,-0.032734175,0.027265011,-0.010792288,0.018182854,-0.02511865,0.061109237
"Means.5ControlA AllData.txt",-2.32439091969,-2.23257199149,-1.19414293415,-1.689885554,-0.8903593263,0.633269771,-0.50178191015,-0.5586400883,-0.02846361185,0.050934066,0.190289077,0.0732792658,-0.417659486,-0.44533788885,-0.5510679575,-0.365281434,-0.062430691,0.21273676743,-0.01046796,-0.448867467,-0.201331102,0.140936109,0.093240261,-0.194168547,-0.21821332834,0.135107482,-0.090477742,0.130836611,-0.199962214,-0.171822509,0.189870301,-0.59020796834,0.02199956643,-0.09304593557,-0.178715785,-0.030572283,-0.238243342,-0.065618086,-0.175865414,0.00799958899999999,-0.103860513,-0.244258168,-0.146111086,-0.126140824,-0.097759369,-0.122801347,-0.063689052,0.268179997,-0.065300266,-0.011694769,0.059927817,-0.023340121,-0.091089609,0.117051775,0.089659862,0.101769034,0.019151153,-0.008482393,0.053258178,0.11274584015,-0.006674365,-0.160273242,-0.033394227,-0.012801427,0.062592696,-0.159621825,0.103449651,0.127091441,0.252680182,0.097080007,0.03311515,-0.026020089,0.022218798,0.103489339,0.004904236,-0.098188081,-0.061762879,-0.199599192,-0.08776475,0.004915516,-0.022370654,0.013369527,0.005499656,0.009597185,0.069679579,-0.08509324,-0.054854695,0.011687863,0.086765797,-0.059800434,0.011300657,0.076649536,0.076204824,0.014814272,-0.012058783,-0.008752275,0.023162778,0.023162778,0.049199877,0.068356453,0.017463981,0.018000048,0.018000048,0.062520587,0.066240594,0.008648165,0.08535897,0.022938906,-0.04351083,-0.065195643,0.024015239,0.042753014,-0.04351083,0.022882291,0.029947867,0.010541989,-0.048050764,0.027013354
"Means.2Moderate1 black.txt",0.312986839,0.145040096,0.046612643,0,0.080774489,0.15777581,0.046612643,0,0.046612643,0.02048814,0,0,0.029532193,0,0,0.010170933,0.029532193,0,0.006231857,0,0.040380786,0.001194386,0,0,-0.024645268,0,0,0,0,0.010170933,0,0,0,0,0.018661195,0,0,0,0.045910787,0,0,0,0.010848303,0,0,0,0.029532193,0,0,0,0.001291214,0,0.0295454,0,0,0,0,0,0,0,0,0,0,0,0,0,0,0.032197184,0.045910787,0.007955611,0,0,0,0,0,0,0,0,0,0.032197184,0,0.010170933,0,0,0,0,0,0,0,0,0.028501557,0,0.032197184,0,0,0,0,0,0,0,0,0,0,-0.010558566,0,0,0,0,0,0,0,0,0,0,0,0,0,0
"Means.3Extreme1 black.txt",0.05987707043,-0.00125807,0.022697116,0,0.002192557,0.07426154343,0.022697116,0,0.022697116,0.022976009,0,0,-0.006543815,0,0,-0.013126403,-0.006543815,0,0.011876355,0,0.010820761,0.016857986,0,0,-0.017158255,0,0,0,0,-0.013126403,0,0,0,0,-0.015214237,0,0,0,0.021641668,0,0,0,-0.018408408,0,0,0,-0.006543815,0,0,0,0.011485651,0,0.009780204,0,0,0,0,0,0,0,0,0,0,0,0,0,0,0.009295504,0.021641668,0.007524872,0,0,0,0,0,0,0,0,0,0.009295504,0,-0.013126403,0,0,0,0,0,0,0,0,-0.008783167,0,0.009295504,0,0,0,0,0,0,0,0,0,0,0.032792963,0,0,0,0,0,0,0,0,0,0,0,0,0,0
"Means.4Recovery1 black.txt",0.131073906,0.11434163,0.028932684,0,0.045186764,0.06064293,0.028932684,0,0.028932684,-0.006294379,0,0,0.012299305,0,0,-0.043910654,0.012299305,0,0.0129654,0,0.015967284,0.010119776,0,0,-0.026294879,0,0,0,0,-0.043910654,0,0,0,0,-0.037821109,0,0,0,0.045840623,0,0,0,0.00122597,0,0,0,0.012299305,0,0,0,-0.009881857,0,0.02799351,0,0,0,0,0,0,0,0,0,0,0,0,0,0,0.014912971,0.045840623,0.001069473,0,0,0,0,0,0,0,0,0,0.014912971,0,-0.043910654,0,0,0,0,0,0,0,0,0.043890161,0,0.014912971,0,0,0,0,0,0,0,0,0,0,-0.033462806,0,0,0,0,0,0,0,0,0,0,0,0,0,0
"Means.5ControlA1 black.txt",0.269596433,0.11312191,0.031095567,0,0.017506329,0.157961006,0.031095567,0,0.031095567,0.028558702,0,0,0.046316933,0,0,-0.001486483,0.046316933,0,0.025510362,0,0.005585205,0.027144515,0,0,-0.02304925,0,0,0,0,-0.001486483,0,0,0,0,0.043814397,0,0,0,0.069703644,0,0,0,-0.010958116,0,0,0,0.046316933,0,0,0,0.04799295,0,0.02287924,0,0,0,0,0,0,0,0,0,0,0,0,0,0,0.042662182,0.069703644,0.009478534,0,0,0,0,0,0,0,0,0,0.042662182,0,-0.001486483,0,0,0,0,0,0,0,0,0.023788286,0,0.042662182,0,0,0,0,0,0,0,0,0,0,0.058925812,0,0,0,0,0,0,0,0,0,0,0,0,0,0
"Means.2Moderate2 blue.txt",0.539410653,0.668946431,-0.053299538,0.022868663,0.118524843,0.052977294,-0.034196862,0.023805121,0.009863738,-0.101841122,-0.016794357,0.030622411,-0.187100541,-0.006338739,0,0.064744363,0.372639151,0.034330942,0.004567906,-0.028302725,-0.027614118,0.047953021,-0.007244827,-0.038788732,0,0.137298575,0.058332645,0.162979157,-0.028508836,0,-0.002967814,-0.043022188,0.034330942,0.034330942,-0.065877923,-0.028508836,0.21640675,0,-0.059441324,0.058332645,0,-0.013344938,0.003448081,-0.052627121,0.025144906,0,-0.067128903,0.184449564,0,-0.003124601,-0.023243007,0,0,0.000392662000000002,0.027723442,0,0,0.004386132,-0.028508836,0.028901498,0.011931984,0.025144906,0,0.162705597,0,-0.024408767,0,-0.013648801,0.061323245,0,0.024748398,-0.024118285,0.059881149,0.085650544,0,-0.013344938,0,0,-0.028508836,-0.013648801,0.004386132,0,-0.043992732,0,0.012424457,0,0.073226087,0,0,0,0,-0.012464606,-0.013648801,0,0,0,0.059881149,0.059881149,0.046557356,0.008835833,0,-0.003124601,-0.003124601,-0.013648801,0.03192421,0,0.028901498,0.027723442,0,0,0.038368652,0,0,0,0,0,0,0
"Means.3Extreme2 blue.txt",-4.218095615,-3.333391734,-0.368272755,-0.094207266,-0.25607673,-0.202232657,-0.242347048,-0.153426479,-0.211307857,-0.211843257,-0.081672889,-0.392370362,-0.446111953,-0.060828559,0,-0.243590471,-0.543982602,-0.041875652,-0.174597934,-0.07904952,-0.304253126,-0.132331966,0.005834657,-0.147722612,0,-0.432208408,-0.006314939,-0.127714048,-0.02966196,0,-0.281977804,-0.328632585,-0.041875652,-0.041875652,-0.107829729,-0.02966196,-0.545310643,0,-0.08277312,-0.006314939,0,-0.08769998,-0.087601282,-0.091726921,-0.070479959,0,-0.369800614,-0.112907457,0,-0.020470815,-0.004621901,0,0,-0.06726475,-0.046425573,0,0,-0.034454101,-0.02966196,-0.03760279,-0.008978907,-0.070479959,0,-0.366917771,0,-0.079895709,0,-0.046304965,0.043484397,0,-0.085157375,-0.062064961,-0.06421231,0.038356943,0,-0.08769998,0,0,-0.02966196,-0.046304965,-0.034454101,0,-0.068260342,0,0.014869273,0,0.02348767,0,0,0,0,-0.453492815,-0.046304965,0,0,0,-0.06421231,-0.06421231,-0.011330406,-0.093593542,0,-0.020470815,-0.020470815,-0.046304965,-0.311968695,0,-0.03760279,-0.046425573,0,0,-0.078070835,0,0,0,0,0,0,0
"Means.4Recovery2 blue.txt",-1.463528988,-1.457827533,-0.110390297,-0.067071689,-0.051753121,0.0619949,-0.007711307,0.00444701,-0.010191976,-0.138817793,-0.045060425,-0.281520987,-0.397557351,-0.056063146,0,-0.080335322,-0.015361881,-0.002026972,0.011023246,-0.043536956,-0.108405395,-0.016564642,-0.020929028,-0.090848992,0,-0.039077439,0.016868929,-0.02618639,-0.050889067,0,-0.050524312,-0.083596339,-0.002026972,-0.002026972,-0.056768103,-0.050889067,-0.580102897,0,-0.034624677,0.016868929,0,-0.038926707,-0.020711818,-0.083269657,0.01718903,0,-0.107570516,-0.003356291,0,0.009168136,-0.036578572,0,0,-0.073126056,0.004985385,0,0,-0.011982224,-0.050889067,-0.022236989,-0.024586427,0.01718903,0,-0.009097226,0,-0.039543759,0,-0.016646542,0.029951959,0,-0.030071693,-0.03238059,0.016390434,0.059022693,0,-0.038926707,0,0,-0.050889067,-0.016646542,-0.011982224,0,-0.085929989,0,0.003705552,0,0.055317141,0,0,0,0,-0.193841266,-0.016646542,0,0,0,0.016390434,0.016390434,0.002745036,-0.060691696,0,0.009168136,0.009168136,-0.016646542,-0.11175785,0,-0.022236989,0.004985385,0,0,-0.027790523,0,0,0,0,0,0,0
"Means.5ControlA2 blue.txt",1.43822389,0.746629364,0.19878336,0.061165955,0.100958102,0.161997076,0.067134447,0.185992869,0.189014359,0.063338832,0.084523952,0.362309261,-0.00509876500000001,0.123123598,0,0.005490492,0.211433833,-2.86057e-06,0.132117915,-0.008625888,-0.008489797,0.052583951,0.053874632,-0.006414862,0,0.302621663,0.065740365,0.145092121,-0.007763842,0,0.05048937,-0.0211513,-2.86057e-06,-2.86057e-06,0.003348262,-0.007763842,-0.018886905,0,-0.003174914,0.065740365,0,-0.010646982,0.037992505,-0.013059303,0.076480395,0,0.035691025,0.099870041,0,0.040404422,0.016960142,0,0,0.077595128,0.022938906,0,0,-0.005356106,-0.007763842,0.08535897,0.035724767,0.076480395,0,0.089936617,0,-0.014285553,0,0.003594775,0.090680084,0,0.070272458,-0.005295461,0.023162778,0.065196443,0,-0.010646982,0,0,-0.007763842,0.003594775,-0.005356106,0,0.014775493,0,0.031386683,0,0.03380976,0,0,0,0,0.033896522,0.003594775,0,0,0,0.023162778,0.023162778,0.021797075,0.011522489,0,0.040404422,0.040404422,0.003594775,0.044764376,0,0.08535897,0.022938906,0,0,0.024015239,0,0,0,0,0,0,0
"Means.2Moderate3 brown.txt",-0.860635292,-0.437508561,0.01786511,-0.102465083,-0.116584189,0.00889761,0.00830172000000001,-0.058949755,0.000958818,0,0,-0.003443257,-0.000124231000000001,0.091666295,-0.112968968,-0.001273763,0,0,0.000958818,-0.039446126,-0.00558925,0,0,-0.041486763,-0.079471142,-0.004185675,0.066258849,-0.015408691,0.043826193,-0.026126755,0,-0.439095464,0,0,-0.021620191,0,0,0.003250718,0,0,-0.010257462,-0.006868347,-0.017094013,0,-0.010969278,0,0,0,0.007147087,0,-0.011088187,0,0,0,-0.016247592,0,0,0,0,0,-0.03088439,-0.117191707,-0.027185228,0,0,-0.118974512,0,0,0,0,0,0,0,0,0,0,0,-0.226336775,0,0,-0.016247592,0,0,0,0,0,0,0,0,-0.022492016,0,0,0,0,0,0,0,0,0,0,0,0,0,0,0,0,0,0,0,0,0,0,0,0,0,0,0,0
"Means.3Extreme3 brown.txt",-4.070870697,-2.761084045,-1.064679749,-0.24701494,-0.61994541,-0.051838931,-0.34003945,-0.695274095,-0.131298631,0,0,-0.156102,-0.076484648,-0.662223763,-0.46319095,-0.136594045,0,0,-0.131298631,-0.240186936,-0.093330214,0,0,-0.206068139,-0.308874795,-0.255199609,-0.345982057,-0.162517782,-0.138692485,-0.096487473,0,-0.792399312,0,0,-0.055310061,0,0,-0.087007802,0,0,-0.148608098,-0.031590787,-0.094193866,0,-0.164128585,0,0,0,-0.005848572,0,-0.037933487,0,0,0,-0.089608021,0,0,0,0,0,-0.447674359,-0.286923299,-0.11680385,0,0,-0.265310848,0,0,0,0,0,0,0,0,0,0,0,-0.280478612,0,0,-0.089608021,0,0,0,0,0,0,0,0,-0.093497238,0,0,0,0,0,0,0,0,0,0,0,0,0,0,0,0,0,0,0,0,0,0,0,0,0,0,0,0
"Means.4Recovery3 brown.txt",-0.7043629783,-0.4628634173,-0.178707013,-0.068159889,-0.1706425443,-0.03543971,0.03869444,-0.094592188,-0.000821967999999999,0,0,0.012920233,-0.018492241,-0.122553487,-0.073458259,-0.014604631,0,0,-0.000821967999999999,-0.034876778,-0.047592561,0,0,-0.042188492,-0.080329742,-0.097730021,-0.072039826,-0.018004198,-0.044593868,-0.057825307,0,-0.181923873,0,0,-0.034068215,0,0,-0.044988089,0,0,0.015816644,-0.023440345,-0.03329377,0,-0.069576666,0,0,0,0.01156135,0,-0.014137477,0,0,0,0.027061033,0,0,0,0,0,-0.126659359,-0.113689754,-0.0167092703,0,0,-0.085722956,0,0,0,0,0,0,0,0,0,0,0,-0.0526541,0,0,0.027061033,0,0,0,0,0,0,0,0,-0.015879094,0,0,0,0,0,0,0,0,0,0,0,0,0,0,0,0,0,0,0,0,0,0,0,0,0,0,0,0
"Means.5ControlA3 brown.txt",-1.61373161,-1.088067308,-0.448446778,-0.074721437,-0.324054725,-0.009341995,-0.138695053,-0.327101946,-0.045493883,0,0,-0.058345343,-0.036942929,-0.227670365,-0.113208839,-0.046481057,0,0,-0.045493883,-0.118142606,-0.046693555,0,0,-0.082439104,-0.164502987,-0.114201305,-0.093488811,-0.083004254,-0.048153909,-0.056591026,0,-0.405098752,0,0,-0.033808748,0,0,-0.045761315,0,0,-0.036158461,-0.015205406,-0.039306057,0,-0.086948955,0,0,0,-0.022886696,0,-0.006664662,0,0,0,-0.018660889,0,0,0,0,0,-0.090443935,-0.11018016,-0.042991412,0,0,-0.075375286,0,0,0,0,0,0,0,0,0,0,0,-0.211206454,0,0,-0.018660889,0,0,0,0,0,0,0,0,-0.038244403,0,0,0,0,0,0,0,0,0,0,0,0,0,0,0,0,0,0,0,0,0,0,0,0,0,0,0,0
"Means.2Moderate4 cyan.txt",0.025677387,0.004618999,0,-0.075076245,0,0,0,0,0,0.039906638,0,0,-0.038464011,0,0,0,-0.015422567,-0.013455498,0,0,0.035204472,-0.013526262,0.016976879,0,0,0,0,0.021058388,0,0,0,0,-0.007410725,0,0,0,0,0,0,0,0.023301105,0,0,0,0,0,0,0,0,0,0,0,0,0,0.023301105,0,0,0,0,0,0,0,0,0,0,0,0,0,0,0,0,0,0,0,0,0,0,0,0,0,0,0,0,0,0,0,0,0,0,0,0,0,0,0,0,0,0,0,0,0,0,0,0,0,0,0,0,0,0,0,0,0,0,0,0,0,0,0
"Means.3Extreme4 cyan.txt",0.082527474,0.068338106,0,-0.018576146,0,0,0,0,0,0.068684371,0,0,-0.004866548,0,0,0,-0.001313696,0.04012702,0,0,0.039185658,0.018224554,0.052794688,0,0,0,0,0.014189368,0,0,0,0,0.009198039,0,0,0,0,0,0,0,0.035332692,0,0,0,0,0,0,0,0,0,0,0,0,0,0.035332692,0,0,0,0,0,0,0,0,0,0,0,0,0,0,0,0,0,0,0,0,0,0,0,0,0,0,0,0,0,0,0,0,0,0,0,0,0,0,0,0,0,0,0,0,0,0,0,0,0,0,0,0,0,0,0,0,0,0,0,0,0,0,0
"Means.4Recovery4 cyan.txt",0.121590934,0.120782132,0,-0.116604264,0,0,0,0,0,-0.009586629,0,0,-0.033552713,0,0,0,0.06910855,-0.020656705,0,0,0.048385552,-0.010312356,0.004336539,0,0,0,0,0.000808802,0,0,0,0,-0.009288072,0,0,0,0,0,0,0,0.036840743,0,0,0,0,0,0,0,0,0,0,0,0,0,0.036840743,0,0,0,0,0,0,0,0,0,0,0,0,0,0,0,0,0,0,0,0,0,0,0,0,0,0,0,0,0,0,0,0,0,0,0,0,0,0,0,0,0,0,0,0,0,0,0,0,0,0,0,0,0,0,0,0,0,0,0,0,0,0,0
"Means.5ControlA4 cyan.txt",0.007825342,0.006398598,0,-0.029340831,0,0,0,0,0,0.026317317,0,0,-0.023570774,0,0,0,0.018994445,0.003763148,0,0,0.014893903,0.016490349,0.023270558,0,0,0,0,0.001426744,0,0,0,0,-0.004271822,0,0,0,0,0,0,0,-0.003918976,0,0,0,0,0,0,0,0,0,0,0,0,0,-0.003918976,0,0,0,0,0,0,0,0,0,0,0,0,0,0,0,0,0,0,0,0,0,0,0,0,0,0,0,0,0,0,0,0,0,0,0,0,0,0,0,0,0,0,0,0,0,0,0,0,0,0,0,0,0,0,0,0,0,0,0,0,0,0,0
"Means.2Moderate5 green.txt",0.132230615,-0.098097558,-0.059637079,-0.107946907,-0.056962385,0.078626284,-0.045145382,0,-0.047765736,-0.004666278,-0.007029114,0.089816397,0,0,-0.004747423,-0.055849657,0,0.020591077,-0.047765736,0,0,0.000114917,-0.008542819,0.009603072,0,0,0,0,-0.009959636,0,0,0,-0.015042993,-0.007026946,-0.07171939,-0.011871343,0,0,0,0,0,0,-0.056962385,0,0,0,0,0,0,-0.011871343,0,0,0,0,0,0.057682012,0,0,0,0,0,0,0,0,0.008898834,0,0,-0.014323619,0,0.00026139,0,0,0,0,0,0,0,0,0,-0.001013903,0,0,0,0,0,0,0,0,0,0,0,0,-0.001013903,0,0,0,0,0,0,0,0,0,0,0,0,0,0,0,0,0,0,0,0,0,-0.001013903,0,0,0
"Means.3Extreme5 green.txt",0.427059747,0.01810641,0.002751446,-0.005957624,-0.017156724,0.133377005,-0.014987829,0,0.004749003,0.032162856,0.115709591,0.144864917,0,0,0.011828344,-0.003637771,0,0.132757768,0.004749003,0,0,0.030764546,0.122731687,0.00727198,0,0,0,0,0.039965037,0,0,0,0.054813071,0.064426603,-0.021888797,-0.001997557,0,0,0,0,0,0,-0.017156724,0,0,0,0,0,0,-0.001997557,0,0,0,0,0,0.109949066,0,0,0,0,0,0,0,0,0.025239708,0,0,0.019327381,0,0.033593164,0,0,0,0,0,0,0,0,0,-0.002091758,0,0,0,0,0,0,0,0,0,0,0,0,-0.002091758,0,0,0,0,0,0,0,0,0,0,0,0,0,0,0,0,0,0,0,0,0,-0.002091758,0,0,0
"Means.4Recovery5 green.txt",0.115681728,-0.036776805,-0.025782763,-0.078827592,-0.045742271,0.00737554,-0.014486074,0,-0.015826448,-0.046464737,0.00726133,0.004011354,0,0,0.026655484,-0.0925015,0,0.069911971,-0.015826448,0,0,-0.009441737,0.022519632,0.015272396,0,0,0,0,-0.014363929,0,0,0,0.032065708,0.033377587,-0.090585551,-0.009956315,0,0,0,0,0,0,-0.045742271,0,0,0,0,0,0,-0.009956315,0,0,0,0,0,0.127703174,0,0,0,0,0,0,0,0,0.019475833,0,0,-0.01363054,0,0.003262821,0,0,0,0,0,0,0,0,0,-0.010792288,0,0,0,0,0,0,0,0,0,0,0,0,-0.010792288,0,0,0,0,0,0,0,0,0,0,0,0,0,0,0,0,0,0,0,0,0,-0.010792288,0,0,0
"Means.5ControlA5 green.txt",0.014457649,-0.011085729,-0.026381743,-0.06699689,-0.030210636,0.029084422,-0.026268868,0,-0.020551734,0.00446533,0.065190431,0.014248061,0,0,-0.014383291,0.041655898,0,0.136060545,-0.020551734,0,0,0.020569122,0.02145121,0.029809882,0,0,0,0,-0.008580969,0,0,0,0.042864959,0.027940003,0.006473835,-0.005830009,0,0,0,0,0,0,-0.030210636,0,0,0,0,0,0,-0.005830009,0,0,0,0,0,-0.006232132,0,0,0,0,0,0,0,0,0.015696768,0,0,0.028258222,0,0.021786492,0,0,0,0,0,0,0,0,0,0.029947867,0,0,0,0,0,0,0,0,0,0,0,0,0.029947867,0,0,0,0,0,0,0,0,0,0,0,0,0,0,0,0,0,0,0,0,0,0.029947867,0,0,0
"Means.2Moderate6 greenyellow.txt",0.418151017,0.152163371,0.010508718,0.020307042,0,0,0,0,0.018160684,0,0,0.001393273,-0.008822499,0,0.085525437,0,0.156692016,-0.001894224,0.010508718,0,0,0,0,0,0,0,0,0,0,0,-0.000386784,0,0,0,0,0,0,0,0,0,0,0,0,0,0,0,0.006214864,0,0,0.026134344,0,0,0,0,0,0.134773908,0,0,0.010508718,0,0,0,0,0,0,0,0,0,0,0,0,0,0,0,0,0,0,0,0,0,0,0,0,0,0,0,0,0,0,0,0,0,0,0,0,0,0,0,0,0,0,0,0,0,0,0,0,0,0,0,0,0,0,0,0,0,0,0
"Means.3Extreme6 greenyellow.txt",0.412146637,0.159049009,0.014463099,0.005984173,0,0,0,0,0.033780916,0,0,0.001209644,-0.012950523,0,0.040669424,0,0.163664771,0.047380423,0.014463099,0,0,0,0,0,0,0,0,0,0,0,0.041400696,0,0,0,0,0,0,0,0,0,0,0,0,0,0,0,0.006128338,0,0,0.050938895,0,0,0,0,0,0.126498749,0,0,0.014463099,0,0,0,0,0,0,0,0,0,0,0,0,0,0,0,0,0,0,0,0,0,0,0,0,0,0,0,0,0,0,0,0,0,0,0,0,0,0,0,0,0,0,0,0,0,0,0,0,0,0,0,0,0,0,0,0,0,0,0
"Means.4Recovery6 greenyellow.txt",0.475309795,0.213689028,0.005588326,0.013430137,0,0,0,0,0.040107757,0,0,-0.008043141,0.009499149,0,0.07602388,0,0.217405686,0.1012239,0.005588326,0,0,0,0,0,0,0,0,0,0,0,0.042250663,0,0,0,0,0,0,0,0,0,0,0,0,0,0,0,0.018804133,0,0,0.031954348,0,0,0,0,0,0.121577923,0,0,0.005588326,0,0,0,0,0,0,0,0,0,0,0,0,0,0,0,0,0,0,0,0,0,0,0,0,0,0,0,0,0,0,0,0,0,0,0,0,0,0,0,0,0,0,0,0,0,0,0,0,0,0,0,0,0,0,0,0,0,0,0
"Means.5ControlA6 greenyellow.txt",-0.094102123,-0.129081617,0.010406135,-0.012131088,0,0,0,0,-0.000495728,0,0,0.005954744,-0.061842856,0,0.005932034,0,-0.126906046,-0.012675497,0.010406135,0,0,0,0,0,0,0,0,0,0,0,0.022498963,0,0,0,0,0,0,0,0,0,0,0,0,0,0,0,-0.04926115,0,0,0.023343612,0,0,0,0,0,0.000244832,0,0,0.010406135,0,0,0,0,0,0,0,0,0,0,0,0,0,0,0,0,0,0,0,0,0,0,0,0,0,0,0,0,0,0,0,0,0,0,0,0,0,0,0,0,0,0,0,0,0,0,0,0,0,0,0,0,0,0,0,0,0,0,0
"Means.2Moderate7 grey60.txt",-0.445062154,-0.44098778,-0.07738756,0.007216098,-0.07738756,0,0,-0.07738756,0,-0.023507068,-0.039434807,0,-0.151268366,0,0,0,-0.137348106,0,0,-0.07738756,0,-0.018057631,0,0,0,0,-0.004074374,0,-0.060542155,0,0,0,0,0,0,-0.060542155,-0.074983748,0,0,-0.060542155,0,-0.107039137,0,-0.060542155,0,0,0,0,0,0,0,0,0,0,0,0,0,0,0,0,0,0,0,-0.137348106,0,0,0,0,0,0,0,0,0,0,0,0,0,0,-0.060542155,0,0,0,0,0,0,-0.014441593,0,0,0,0,0,0,0,0,0,0,0,0,0,0,0,0,0,0,0,0,0,0,0,0,0,0,0,0,0,0,0,0
"Means.3Extreme7 grey60.txt",-0.567070139,-0.571228417,-0.132660356,0.006479066,-0.132660356,0,0,-0.132660356,0,0.020285693,-0.02883048,0,-0.086098092,0,0,0,-0.067966812,0,0,-0.132660356,0,-0.011377018,0,0,0,0,0.004158278,0,-0.121965354,0,0,0,0,0,0,-0.121965354,-0.284503157,0,0,-0.121965354,0,-0.075435272,0,-0.121965354,0,0,0,0,0,0,0,0,0,0,0,0,0,0,0,0,0,0,0,-0.067966812,0,0,0,0,0,0,0,0,0,0,0,0,0,0,-0.121965354,0,0,0,0,0,0,-0.162537803,0,0,0,0,0,0,0,0,0,0,0,0,0,0,0,0,0,0,0,0,0,0,0,0,0,0,0,0,0,0,0,0
"Means.4Recovery7 grey60.txt",-1.009806254,-0.963392757,-0.130839532,-0.022030961,-0.130839532,0,0,-0.130839532,0,-0.089987845,-0.080097402,0,-0.208400828,0,0,0,-0.132409596,0,0,-0.130839532,0,-0.064725122,0,0,0,0,-0.046413497,0,-0.175545935,0,0,0,0,0,0,-0.175545935,-0.491742801,0,0,-0.175545935,0,-0.127179423,0,-0.175545935,0,0,0,0,0,0,0,0,0,0,0,0,0,0,0,0,0,0,0,-0.132409596,0,0,0,0,0,0,0,0,0,0,0,0,0,0,-0.175545935,0,0,0,0,0,0,-0.316196866,0,0,0,0,0,0,0,0,0,0,0,0,0,0,0,0,0,0,0,0,0,0,0,0,0,0,0,0,0,0,0,0
"Means.5ControlA7 grey60.txt",-0.309734645,-0.327574783,-0.087490547,0.028571793,-0.087490547,0,0,-0.087490547,0,0.015814841,-0.010363453,0,-0.081669921,0,0,0,-0.068580138,0,0,-0.087490547,0,-0.012404453,0,0,0,0,0.017840138,0,-0.051965827,0,0,0,0,0,0,-0.051965827,-0.089834177,0,0,-0.051965827,0,-0.043761914,0,-0.051965827,0,0,0,0,0,0,0,0,0,0,0,0,0,0,0,0,0,0,0,-0.068580138,0,0,0,0,0,0,0,0,0,0,0,0,0,0,-0.051965827,0,0,0,0,0,0,-0.03786835,0,0,0,0,0,0,0,0,0,0,0,0,0,0,0,0,0,0,0,0,0,0,0,0,0,0,0,0,0,0,0,0
"Means.2Moderate8 lightcyan.txt",0.171288066,0.123190885,0.036373351,0,0.041015101,0,0.036373351,0.036373351,0,0.007888251,0,0,0,0,0,0,0,0.007888251,0,0,0.018914675,0,0,0.036373351,0,0.026774769,0.00786559,0.00786559,0,0.010429035,0,0,0.028928336,0,0,0,0,0.00786559,0.017768302,0,0,0,0,0,-0.00322384,0.018098572,0,0,0.029998609,0,0,0,0,0,0,0,0,0.036373351,0,0,0.052832074,0,0.00786559,0,0,0,0,0,0.017768302,0,0.009760692,0,0,0,0,0,0,0,0,0,0,0,0,0.00786559,0,0,0,0,0,0,0,0,0,0,0,0,0,0,0,0,0,0,0,0,0,0,0,0,0,0,0,0,0,0.031341381,0,0,0,0
"Means.3Extreme8 lightcyan.txt",-0.113548573,-0.045457917,-0.017171154,0,-0.020114897,0,-0.017171154,-0.017171154,0,-0.002549902,0,0,0,0,0,0,0,-0.002549902,0,0,0.013069578,0,0,-0.017171154,0,-0.018025825,0.000476378,0.000476378,0,0.009690302,0,0,0.013389962,0,0,0,0,0.000476378,-0.011600669,0,0,0,0,0,-0.003420121,-0.053484952,0,0,-0.014605704,0,0,0,0,0,0,0,0,-0.017171154,0,0,-0.0481029,0,0.000476378,0,0,0,0,0,-0.011600669,0,0.005983953,0,0,0,0,0,0,0,0,0,0,0,0,0.000476378,0,0,0,0,0,0,0,0,0,0,0,0,0,0,0,0,0,0,0,0,0,0,0,0,0,0,0,0,0,0.01544641,0,0,0,0
"Means.4Recovery8 lightcyan.txt",0.236735568,0.166857133,0.021074926,0,0.075714936,0,0.021074926,0.021074926,0,0.011682646,0,0,0,0,0,0,0,0.011682646,0,0,0.023627012,0,0,0.021074926,0,0.083819251,0.003822906,0.003822906,0,0.034875847,0,0,0.024333676,0,0,0,0,0.003822906,0.018902448,0,0,0,0,0,0.050817104,0.036876288,0,0,0.033002147,0,0,0,0,0,0,0,0,0.021074926,0,0,0.032639338,0,0.003822906,0,0,0,0,0,0.018902448,0,0.005336026,0,0,0,0,0,0,0,0,0,0,0,0,0.003822906,0,0,0,0,0,0,0,0,0,0,0,0,0,0,0,0,0,0,0,0,0,0,0,0,0,0,0,0,0,0.027265011,0,0,0,0
"Means.5ControlA8 lightcyan.txt",0.04042804,0.021065204,-0.002951221,0,-0.006038803,0,-0.002951221,-0.002951221,0,0.012015435,0,0,0,0,0,0,0,0.012015435,0,0,0.01212033,0,0,-0.002951221,0,0.014899299,-0.006731683,-0.006731683,0,-0.00947381,0,0,0.017586789,0,0,0,0,-0.006731683,0.010184013,0,0,0,0,0,0.003644101,0.008107638,0,0,0.011255198,0,0,0,0,0,0,0,0,-0.002951221,0,0,0.024457487,0,-0.006731683,0,0,0,0,0,0.010184013,0,0.008178425,0,0,0,0,0,0,0,0,0,0,0,0,-0.006731683,0,0,0,0,0,0,0,0,0,0,0,0,0,0,0,0,0,0,0,0,0,0,0,0,0,0,0,0,0,0.022882291,0,0,0,0
"Means.2Moderate9 lightgreen.txt",-0.181997652,-0.153800695,-0.028196957,-0.538032595,-0.047956521,0,0,0,0,0,-0.026680948,0,0,0,0,-0.067582887,0,-0.029300016,-0.038261287,0,0,0,0,0,0,0,0,0,0,-0.067582887,-0.026680948,0,0,0,0,0,0,-0.047956521,0,0,0,0,0,0,0,0,0,0,0,0,0,0,0,0,0,0,0,0,0,0,0,0,0,0,0,0,0,0,0,0,0,0,0,0,0,0,0,0,0,0,0,0,0,0,0,0,0,0,0,0,0,0,0,0,-0.047956521,0,0,0,0,0,0,0,0,0,0,0,0,0,-0.047956521,0,0,0,-0.047956521,0,0,0,0,0
"Means.3Extreme9 lightgreen.txt",-0.061862356,-0.080261356,0.018399,-0.035727506,-0.035071144,0,0,0,0,0,-0.011685345,0,0,0,0,-0.025430076,0,0.013293257,-0.019760136,0,0,0,0,0,0,0,0,0,0,-0.025430076,-0.011685345,0,0,0,0,0,0,-0.035071144,0,0,0,0,0,0,0,0,0,0,0,0,0,0,0,0,0,0,0,0,0,0,0,0,0,0,0,0,0,0,0,0,0,0,0,0,0,0,0,0,0,0,0,0,0,0,0,0,0,0,0,0,0,0,0,0,-0.035071144,0,0,0,0,0,0,0,0,0,0,0,0,0,-0.035071144,0,0,0,-0.035071144,0,0,0,0,0
"Means.4Recovery9 lightgreen.txt",-0.131272691,-0.117369507,-0.013903184,-0.385452431,-0.032734175,0,0,0,0,0,-0.029699615,0,0,0,0,-0.027633678,0,-0.027786792,-0.057001654,0,0,0,0,0,0,0,0,0,0,-0.027633678,-0.029699615,0,0,0,0,0,0,-0.032734175,0,0,0,0,0,0,0,0,0,0,0,0,0,0,0,0,0,0,0,0,0,0,0,0,0,0,0,0,0,0,0,0,0,0,0,0,0,0,0,0,0,0,0,0,0,0,0,0,0,0,0,0,0,0,0,0,-0.032734175,0,0,0,0,0,0,0,0,0,0,0,0,0,-0.032734175,0,0,0,-0.032734175,0,0,0,0,0
"Means.5ControlA9 lightgreen.txt",-0.190202309,-0.176149755,-0.014052554,-0.288762736,-0.04351083,0,0,0,0,0,0.00274176,0,0,0,0,-0.086295921,0,-0.014670702,-0.046343004,0,0,0,0,0,0,0,0,0,0,-0.086295921,0.00274176,0,0,0,0,0,0,-0.04351083,0,0,0,0,0,0,0,0,0,0,0,0,0,0,0,0,0,0,0,0,0,0,0,0,0,0,0,0,0,0,0,0,0,0,0,0,0,0,0,0,0,0,0,0,0,0,0,0,0,0,0,0,0,0,0,0,-0.04351083,0,0,0,0,0,0,0,0,0,0,0,0,0,-0.04351083,0,0,0,-0.04351083,0,0,0,0,0
"Means.2Moderate10 magenta.txt",-0.033305351,-0.107540338,0.042498137,-0.031343897,0,0,0.042498137,0,0.042498137,-0.026512496,0,0.024986417,0.033615538,0,0.04924857,0,-0.19695758,0.085069821,0.042498137,0,0,0,0,0,0,0,0,0,0,0,0,0,0.053107451,0.000506923,0,0,0,0,0,0,0,0,0,0.013303567,0,0,0,0,0,0,-0.057718711,0,0,0,0,0,0,0,0,0,0,0,0,0,0,0,0.015892794,0,0,-0.006650734,0,0,0,0,0,0,0,0,0.013303567,-0.023505811,0,0,0,0,0,0,0,0,0,0,0,0,0,0,0,0,0,0,0,0,0,0,0,0,0,0.013303567,0,0,0,0,0,0,0,0,0,0,0,0
"Means.3Extreme10 magenta.txt",-0.467275078,-0.153612216,0.018664374,-0.079586125,0,0,0.018664374,0,0.018664374,-0.067220788,0,-0.096451332,-0.000421925,0,-0.21721153,0,-0.151215606,0.046810014,0.018664374,0,0,0,0,0,0,0,0,0,0,0,0,0,0.044366897,-0.024014967,0,0,0,0,0,0,0,0,0,-0.020639059,0,0,0,0,0,0,-0.01519584,0,0,0,0,0,0,0,0,0,0,0,0,0,0,0,0.00567956,0,0,-0.009704998,0,0,0,0,0,0,0,0,-0.020639059,-0.075469318,0,0,0,0,0,0,0,0,0,0,0,0,0,0,0,0,0,0,0,0,0,0,0,0,0,-0.020639059,0,0,0,0,0,0,0,0,0,0,0,0
"Means.4Recovery10 magenta.txt",0.224342657,0.090328757,0.055809718,-0.013142695,0,0,0.055809718,0,0.055809718,-0.003517283,0,-0.018393779,0.036762963,0,0.152407679,0,-0.003708387,0.110889651,0.055809718,0,0,0,0,0,0,0,0,0,0,0,0,0,0.061990231,-0.011702662,0,0,0,0,0,0,0,0,0,0.001464463,0,0,0,0,0,0,0.029586139,0,0,0,0,0,0,0,0,0,0,0,0,0,0,0,0.053799371,0,0,0.040061446,0,0,0,0,0,0,0,0,0.001464463,-0.01636125,0,0,0,0,0,0,0,0,0,0,0,0,0,0,0,0,0,0,0,0,0,0,0,0,0,0.001464463,0,0,0,0,0,0,0,0,0,0,0,0
"Means.5ControlA10 magenta.txt",-0.270007169,-0.040911691,0.021274578,-0.111444381,0,0,0.021274578,0,0.021274578,-0.133381352,0,-0.028676287,-0.01818214,0,-0.200419191,0,-0.052652294,0.075116061,0.021274578,0,0,0,0,0,0,0,0,0,0,0,0,0,0.050466776,-0.047490593,0,0,0,0,0,0,0,0,0,0.008648165,0,0,0,0,0,0,0.04613508,0,0,0,0,0,0,0,0,0,0,0,0,0,0,0,0.00118217,0,0,-0.007598613,0,0,0,0,0,0,0,0,0.008648165,-0.071289308,0,0,0,0,0,0,0,0,0,0,0,0,0,0,0,0,0,0,0,0,0,0,0,0,0,0.008648165,0,0,0,0,0,0,0,0,0,0,0,0
"Means.2Moderate11 midnightblue.txt",0.351350224,0.101492575,0.036203716,0,-0.006633489,0.145387332,0,0,0,0,0.031846064,0,0,0.042837205,0.16105166,0,0,0,0,0,0,0.04780123,0,0,0.029787048,0,-0.006633489,-0.006633489,0,0,0,0,0,0,0,0,0,0,0,0,0,0,0,0,0,0,0,0.108126064,0,0,0,0,0,0,0,0,0,0,0,0.042837205,0,0,0,0,0,0,0.014719735,0,0,0,0,0,0,0.031846064,0,0,0,0,0,0,0,0,0,0,0.031846064,0,0,0,0,0,0,0,0,0,0,0,0,0,0,0,0,0,0,0,0.014719735,0,0,0,0,0,0,0,0,0,0,0,0,0
"Means.3Extreme11 midnightblue.txt",0.11144474,0.049285196,0.02971559,0,-0.007594776,0.01052267,0,0,0,0,-0.007405969,0,0,0.037310366,-0.01046897,0,0,0,0,0,0,-0.02090336,0,0,0.021732477,0,-0.007594776,-0.007594776,0,0,0,0,0,0,0,0,0,0,0,0,0,0,0,0,0,0,0,0.056879972,0,0,0,0,0,0,0,0,0,0,0,0.037310366,0,0,0,0,0,0,-0.010663421,0,0,0,0,0,0,-0.007405969,0,0,0,0,0,0,0,0,0,0,-0.007405969,0,0,0,0,0,0,0,0,0,0,0,0,0,0,0,0,0,0,0,-0.010663421,0,0,0,0,0,0,0,0,0,0,0,0,0
"Means.4Recovery11 midnightblue.txt",0.26829566,0.094875908,0.068091729,0,0.012998616,0.086977193,0,0,0,0,0.011137714,0,0,0.055093113,0.100607501,0,0,0,0,0,0,0.025345977,0,0,0.020211732,0,0.012998616,0.012998616,0,0,0,0,0,0,0,0,0,0,0,0,0,0,0,0,0,0,0,0.081877292,0,0,0,0,0,0,0,0,0,0,0,0.055093113,0,0,0,0,0,0,0.035929515,0,0,0,0,0,0,0.011137714,0,0,0,0,0,0,0,0,0,0,0.011137714,0,0,0,0,0,0,0,0,0,0,0,0,0,0,0,0,0,0,0,0.035929515,0,0,0,0,0,0,0,0,0,0,0,0,0
"Means.5ControlA11 midnightblue.txt",0.171339742,0.040601861,0.014654492,0,-0.010157716,0.046183192,0,0,0,0,0.045027921,0,0,0.024812208,0.056774825,0,0,0,0,0,0,0.013596797,0,0,0.01471456,0,-0.010157716,-0.010157716,0,0,0,0,0,0,0,0,0,0,0,0,0,0,0,0,0,0,0,0.050759577,0,0,0,0,0,0,0,0,0,0,0,0.024812208,0,0,0,0,0,0,0.021476218,0,0,0,0,0,0,0.045027921,0,0,0,0,0,0,0,0,0,0,0.045027921,0,0,0,0,0,0,0,0,0,0,0,0,0,0,0,0,0,0,0,0.021476218,0,0,0,0,0,0,0,0,0,0,0,0,0
"Means.2Moderate12 pink.txt",-0.462943469,-0.207061411,-0.196583682,-0.238878118,-0.003054757,-0.004409833,-0.067783944,-0.051803155,-0.119587099,-0.04444983,-0.121180927,0,0,-0.193528925,-0.073643868,0,0,-0.007174827,-0.054857912,0,0,-0.017032765,-0.030183956,0,-0.010453506,0,-0.073941826,-0.051803155,-0.069433258,-0.118902926,-0.004165197,0,-0.007174827,0,-0.102651806,0,0,-0.003054757,-0.064325294,0,-0.010477729,0,0,0,0,0,0,0,0,0,-0.004165197,-0.010663386,0,0,-0.010477729,0,0,0,0,-0.067783944,0,0,0,0,0,0,0,0,0,-0.060056443,0,0,0,0,0,0,0,-0.048262045,0,0,-0.064325294,0,0,0,0,0,0,0,0,0,0,0,0,0,0,0,0,0,0,0,0,0,0,0,0,0,0,0,0,0,0,0,0,0,0,-0.048262045,0,0
"Means.3Extreme12 pink.txt",0.222335511,0.038562867,-0.016560153,0.10804092,0.012783399,0.015751498,-0.032942536,0.018872521,-0.014070015,0.009663621,0.145269738,0,0,-0.029343552,0.068080169,0,0,0.005472089,0.03165592,0,0,0.017322546,0.034561869,0,0.02114445,0,-0.015273537,0.018872521,0.052339366,-0.011393503,0.027066331,0,0.005472089,0,-0.022063221,0,0,0.012783399,0.00186983,0,0.05512302,0,0,0,0,0,0,0,0,0,0.027066331,0.005602643,0,0,0.05512302,0,0,0,0,-0.032942536,0,0,0,0,0,0,0,0,0,0.114396965,0,0,0,0,0,0,0,0.105731837,0,0,0.00186983,0,0,0,0,0,0,0,0,0,0,0,0,0,0,0,0,0,0,0,0,0,0,0,0,0,0,0,0,0,0,0,0,0,0,0.105731837,0,0
"Means.4Recovery12 pink.txt",-0.319155431,-0.154521806,-0.166850146,-0.168963521,-0.013544501,-0.008040503,-0.088629182,-0.010143209,-0.098772391,-0.102430594,-0.088811066,0,0,-0.153305645,0.000190851,0,0,-0.015091679,-0.02368771,0,0,-0.033612178,-0.042559371,0,-0.018677405,0,-0.054533254,-0.010143209,-0.106257658,-0.15132134,-0.039317853,0,-0.015091679,0,-0.107978244,0,0,-0.013544501,-0.062863081,0,0.01232834,0,0,0,0,0,0,0,0,0,-0.039317853,-0.023645487,0,0,0.01232834,0,0,0,0,-0.088629182,0,0,0,0,0,0,0,0,0,0.007071299,0,0,0,0,0,0,0,0.018182854,0,0,-0.062863081,0,0,0,0,0,0,0,0,0,0,0,0,0,0,0,0,0,0,0,0,0,0,0,0,0,0,0,0,0,0,0,0,0,0,0.018182854,0,0
"Means.5ControlA12 pink.txt",0.02840397515,0.00976856715,-0.02801673685,-0.051834038,0.011357808,0.023736626,-5.67685e-06,-0.002801708,-0.00280738485,-0.010884232,-0.023632963,0,0,-0.03937454485,-0.004477506,0,0,0.019019993,0.0085561,0,0,-0.002176401,-0.005137704,0,-0.008762199,0,-0.03656716,-0.002801708,-0.002106498,-0.027140513,0.009946867,0,0.019019993,0,-0.042057687,0,0,0.011357808,-0.025367013,0,0.037785304,0,0,0,0,0,0,0,0,0,0.009946867,0.015974812,0,0,0.037785304,0,0,0,0,-5.67685e-06,0,0,0,0,0,0,0,0,0,0.020837332,0,0,0,0,0,0,0,0.010541989,0,0,-0.025367013,0,0,0,0,0,0,0,0,0,0,0,0,0,0,0,0,0,0,0,0,0,0,0,0,0,0,0,0,0,0,0,0,0,0,0.010541989,0,0
"Means.2Moderate13 purple.txt",-0.523577011,-0.509720524,-0.192153804,0,-0.173587962,0.002884707,-0.104049296,-0.08106929,-0.044669393,-0.040736447,-0.040736447,0,0,-0.070264184,0.005703603,-0.003412257,-0.194477559,-0.011496002,-0.045171415,-0.006908365,0,-0.040736447,0,-0.018057551,0,0,-0.00761571,-0.045171415,-0.015825544,0,0,0,0,-0.064056369,0,0,0,0,-0.039412435,0,-0.003412257,0,0,-0.044045114,0,-0.039412435,0,0,0,0,0,0,-0.069538666,0,0,0,0,-0.011149186,0,0,0,0,0,0,0,0,0,0,0,0,0,-0.044045114,0,0,0,0,0,0,0,0,0,0,0,0,0,0,0,0,0,0,-0.027345705,0,0,0,0,0,0,0,0,0,0,0,0,0,0,0,0,0,0,-0.044045114,0,0,0,0,0,0,0,0
"Means.3Extreme13 purple.txt",-0.548675081,-0.449146706,-0.210786753,0,-0.143812824,-0.020519628,-0.076517619,-0.087869155,-0.03960164,-0.044505488,-0.044505488,0,0,-0.065427739,-0.067113896,0.011315619,-0.163290765,-0.003809753,-0.017362158,-0.013452583,0,-0.044505488,0,-0.001665602,0,0,-0.010952742,-0.017362158,-0.026649634,0,0,0,0,-0.080358704,0,0,0,0,-0.031606152,0,0.011315619,0,0,-0.053300903,0,-0.031606152,0,0,0,0,0,0,-0.067295205,0,0,0,0,0.011786981,0,0,0,0,0,0,0,0,0,0,0,0,0,-0.053300903,0,0,0,0,0,0,0,0,0,0,0,0,0,0,0,0,0,0,-0.023314475,0,0,0,0,0,0,0,0,0,0,0,0,0,0,0,0,0,0,-0.053300903,0,0,0,0,0,0,0,0
"Means.4Recovery13 purple.txt",-0.40344333,-0.382815177,-0.08282142,0,-0.022553317,-0.010122792,0.04691527,-0.0720342,-0.049944878,-0.057518977,-0.057518977,0,0,-0.088627411,0.002764785,0.020634861,-0.211118514,-0.008057765,-0.047279821,0.009253075,0,-0.057518977,0,0.0163549,0,0,-0.019241648,-0.047279821,-0.0093956,0,0,0,0,0.037136459,0,0,0,0,-0.028682031,0,0.020634861,0,0,-0.068693254,0,-0.028682031,0,0,0,0,0,0,-0.069468587,0,0,0,0,0.007101825,0,0,0,0,0,0,0,0,0,0,0,0,0,-0.068693254,0,0,0,0,0,0,0,0,0,0,0,0,0,0,0,0,0,0,0.008177319,0,0,0,0,0,0,0,0,0,0,0,0,0,0,0,0,0,0,-0.068693254,0,0,0,0,0,0,0,0
"Means.5ControlA13 purple.txt",-0.951937008,-0.720515573,-0.530451102,0,-0.308249226,-0.050985691,-0.222895647,-0.257362478,-0.078785083,-0.06917403,-0.06917403,0,0,-0.17421666,-0.094905898,-0.043019026,-0.143132602,-0.012775578,-0.031719408,-0.062857196,0,-0.06917403,0,-0.092304275,0,0,-0.051903772,-0.031719408,-0.108077581,0,0,0,0,-0.107347661,0,0,0,0,-0.113837191,0,-0.043019026,0,0,-0.065195643,0,-0.113837191,0,0,0,0,0,0,-0.085353579,0,0,0,0,-0.029447079,0,0,0,0,0,0,0,0,0,0,0,0,0,-0.065195643,0,0,0,0,0,0,0,0,0,0,0,0,0,0,0,0,0,0,-0.029721442,0,0,0,0,0,0,0,0,0,0,0,0,0,0,0,0,0,0,-0.065195643,0,0,0,0,0,0,0,0
"Means.2Moderate14 red.txt",0.149413811,0.038260909,-0.006887443,0,-0.035189121,0.089558068,0,0,0,0.113760881,0.039462423,-0.040536553,0,-0.006887443,0.050289639,0.008903003,0,0.003630068,0,0,-0.00049245,0.03361819,0,0,0.053885009,0,-0.006887443,0,0.06657005,0.008903003,0,0,0,0.029767542,0,0,0,0,0,0,0.048585574,0,-0.028301678,0,0,0,-0.006887443,0,0,0,0,0,0,0,0.048585574,0,0.007335091,0,0,0,0,0,0,0,0.025356906,0,0,0,0,0,0,0,0,0,0,0,-0.006052249,0,0,0,0,0.008903003,0.019654743,0,0,0,0,0,0.032601304,0.025356906,0,0,0,0,0,0.011228695,0,0,0.013291989,0,0,0,0,0,0,0,0,0,0,0,0,0,0,0,0,0,0,0
"Means.3Extreme14 red.txt",-0.095751407,-0.068720851,-0.026754671,0,-0.076697649,0.035017886,0,0,0,0.025910232,-0.001889178,-0.078369307,0,-0.026754671,-0.017385164,0.013117963,0,-0.002506194,0,0,-0.018312938,-0.000123034,0,0,-0.014029061,0,-0.026754671,0,-0.016156268,0.013117963,0,0,0,0.029366847,0,0,0,0,0,0,0.029147226,0,-0.049942978,0,0,0,-0.026754671,0,0,0,0,0,0,0,0.029147226,0,-0.024730076,0,0,0,0,0,0,0,-0.00285749,0,0,0,0,0,0,0,0,0,0,0,-0.046604468,0,0,0,0,0.013117963,-0.002765929,0,0,0,0,0,0.018920916,-0.00285749,0,0,0,0,0,-0.02184248,0,0,0.009012062,0,0,0,0,0,0,0,0,0,0,0,0,0,0,0,0,0,0,0
"Means.4Recovery14 red.txt",0.159349498,0.054408311,0.006411867,0,-0.027356815,0.063075387,0,0,0,-0.049211827,-0.055558949,0.036988117,0,0.006411867,0.075835594,-0.010900778,0,-0.016105692,0,0,0.0397922,-0.032966027,0,0,0.017639609,0,0.006411867,0,0.069476589,-0.010900778,0,0,0,-0.001993838,0,0,0,0,0,0,0.044129779,0,-0.033768682,0,0,0,0.006411867,0,0,0,0,0,0,0,0.044129779,0,-0.030830744,0,0,0,0,0,0,0,-0.002156853,0,0,0,0,0,0,0,0,0,0,0,0.015018104,0,0,0,0,-0.010900778,0.026152385,0,0,0,0,0,0.039793446,-0.002156853,0,0,0,0,0,-0.051956673,0,0,0.006815759,0,0,0,0,0,0,0,0,0,0,0,0,0,0,0,0,0,0,0
"Means.5ControlA14 red.txt",-0.01065253,-0.043434613,-0.031096843,0,-0.048629031,0.024696812,0,0,0,0.103921219,0.022251607,-0.099775886,0,-0.031096843,-0.0410322015,0.048680933,0,0.02908446,0,0,-0.028861159,0.023689024,0,0,0.05845632,0,-0.031096843,0,0.0526365,0.048680933,0,0,0,0.031659693,0,0,0,0,0,0,0.02086425,0,-0.017532188,0,0,0,-0.031096843,0,0,0,0,0,0,0,0.02086425,0,-0.002280441,0,0,0,0,0,0,0,0.013191327,0,0,0,0,0,0,0,0,0,0,0,-0.043672206,0,0,0,0,0.048680933,0.002653155,0,0,0,0,0,0.034057863,0.013191327,0,0,0,0,0,0.031722832,0,0,0.027402802,0,0,0,0,0,0,0,0,0,0,0,0,0,0,0,0,0,0,0
"Means.2Moderate15 salmon.txt",0.125753076,0.035746923,0.035953762,0,-0.05091158,0.032054861,-0.000467407,0.035953762,0.035953762,0.007548652,0,0,0,-0.05091158,0,0,-0.000358142999999998,0,0,0,0,0,0,0,0,-0.05091158,0,0,0,0,0,0,0,0,0,0,0,0,0,0,0,0,0,0,-0.05091158,0,0,0,0,0,0,0,0,0,0.027522918,0.088609244,0,0,0,0,0,-0.05091158,0,0,0.03171675,0,0.017444467,0,0,0,0,0,0,-0.010844411,0,0,0,0,0,0,0,0,0,0,-0.010844411,0,0,0,0,0,0,0,0,0,0,0,0,0,0,0.004855723,0,0,0,0,0,0,0,0,0,0,0,0,0,0,0,0,0,0
"Means.3Extreme15 salmon.txt",-0.457216321,-0.191312535,-0.042291459,0,-0.130899859,-0.125879278,-0.063226386,-0.042291459,-0.042291459,-0.021917542,0,0,0,-0.130899859,0,0,-0.113892956,0,0,0,0,0,0,0,0,-0.130899859,0,0,0,0,0,0,0,0,0,0,0,0,0,0,0,0,0,0,-0.130899859,0,0,0,0,0,0,0,0,0,-0.011657856,0.071768069,0,0,0,0,0,-0.130899859,0,0,-0.013841433,0,-0.006126921,0,0,0,0,0,0,-0.038953019,0,0,0,0,0,0,0,0,0,0,-0.038953019,0,0,0,0,0,0,0,0,0,0,0,0,0,0,-0.00035176,0,0,0,0,0,0,0,0,0,0,0,0,0,0,0,0,0,0
"Means.4Recovery15 salmon.txt",0.31575204,0.175928433,0.003872551,0,0.003291151,0.057454216,0.032207582,0.003872551,0.003872551,0.032763797,0,0,0,0.003291151,0,0,0.035121091,0,0,0,0,0,0,0,0,0.003291151,0,0,0,0,0,0,0,0,0,0,0,0,0,0,0,0,0,0,0.003291151,0,0,0,0,0,0,0,0,0,0.031163533,0.176949953,0,0,0,0,0,0.003291151,0,0,0.033971479,0,0.032324823,0,0,0,0,0,0,-0.027115983,0,0,0,0,0,0,0,0,0,0,-0.027115983,0,0,0,0,0,0,0,0,0,0,0,0,0,0,0.074628281,0,0,0,0,0,0,0,0,0,0,0,0,0,0,0,0,0,0
"Means.5ControlA15 salmon.txt",0.161675711,0.136430973,0.026349536,0,-0.027999613,0.026368313,-0.003299182,0.026349536,0.026349536,0.025184081,0,0,0,-0.027999613,0,0,0.048927119,0,0,0,0,0,0,0,0,-0.027999613,0,0,0,0,0,0,0,0,0,0,0,0,0,0,0,0,0,0,-0.027999613,0,0,0,0,0,0,0,0,0,0.033359822,0.064095491,0,0,0,0,0,-0.027999613,0,0,0.033969072,0,0.039238618,0,0,0,0,0,0,-0.006735025,0,0,0,0,0,0,0,0,0,0,-0.006735025,0,0,0,0,0,0,0,0,0,0,0,0,0,0,0.056833964,0,0,0,0,0,0,0,0,0,0,0,0,0,0,0,0,0,0
"Means.2Moderate16 tan.txt",0.308818496,0.172552352,0.027353405,0,0,0,0.042389691,0.015070076,0.027319615,0,0,0.020851271,-0.015916295,0.012283329,0.004590479,-0.015916295,0,0,0,0.015070076,0,0,0,-0.000846219,0,0,0.014945616,0,0.052540668,0.048170886,0,0,0,0,0.06572537,0.079860283,0.109619473,0,0.06572537,0.027319615,0.027319615,0,0,0.052540668,0,0.027319615,0,0,0,0,0,0.027319615,0.027319615,0.027319615,0,0.058283726,0.027319615,0,0,0,0.024176154,0,0,0,0,0,0,0,0.06572537,0,0,0.052540668,0,0,0,0,0.014945616,0,0,0,0,0,0,0,0,0.109619473,0,0,0,0,0,0,0,0,0,0,0,0,0,0,0.027319615,0,0,0,0,0,0,0,0,0,0,0,0,0,0,0,0,0
"Means.3Extreme16 tan.txt",-0.104741005,-0.113311363,-0.052582464,0,0,0,-0.001056732,-0.016657739,0.015601007,0,0,0.013134476,-0.076961498,-0.035924725,-0.063206401,-0.076961498,0,0,0,-0.016657739,0,0,0,-0.093619237,0,0,0.002708796,0,0.019610127,0.028735483,0,0,0,0,0.05475069,0.035211134,-0.020067196,0,0.05475069,0.015601007,0.015601007,0,0,0.019610127,0,0.015601007,0,0,0,0,0,0.015601007,0.015601007,0.015601007,0,0.039032156,0.015601007,0,0,0,0.020698788,0,0,0,0,0,0,0,0.05475069,0,0,0.019610127,0,0,0,0,0.002708796,0,0,0,0,0,0,0,0,-0.020067196,0,0,0,0,0,0,0,0,0,0,0,0,0,0,0.015601007,0,0,0,0,0,0,0,0,0,0,0,0,0,0,0,0,0
"Means.4Recovery16 tan.txt",0.510345097,0.298846626,0.098142757,0,0,0,0.070251645,0.0191172,0.051134445,0,0,0.01211782,0.073770474,0.079025557,0.109349774,0.073770474,0,0,0,0.0191172,0,0,0,0.092887674,0,0,0.029829765,0,0.021884413,0.063252265,0,0,0,0,0.19395036,0.073018858,0.044812349,0,0.19395036,0.051134445,0.051134445,0,0,0.021884413,0,0.051134445,0,0,0,0,0,0.051134445,0.051134445,0.051134445,0,0.068146464,0.051134445,0,0,0,0.030986601,0,0,0,0,0,0,0,0.19395036,0,0,0.021884413,0,0,0,0,0.029829765,0,0,0,0,0,0,0,0,0.044812349,0,0,0,0,0,0,0,0,0,0,0,0,0,0,0.051134445,0,0,0,0,0,0,0,0,0,0,0,0,0,0,0,0,0
"Means.5ControlA16 tan.txt",-0.133075957,-0.092752141,-0.090070183,0,0,0,-0.003582947,-0.018547606,0.014964659,0,0,-0.013335659,-0.046951705,-0.071522577,-0.073195264,-0.046951705,0,0,0,-0.018547606,0,0,0,-0.065499311,0,0,-0.012408155,0,0.002546264,0.001629,0,0,0,0,0.082112441,0.017510923,0.005717772,0,0.082112441,0.014964659,0.014964659,0,0,0.002546264,0,0.014964659,0,0,0,0,0,0.014964659,0.014964659,0.014964659,0,0.043660843,0.014964659,0,0,0,0.023587316,0,0,0,0,0,0,0,0.082112441,0,0,0.002546264,0,0,0,0,-0.012408155,0,0,0,0,0,0,0,0,0.005717772,0,0,0,0,0,0,0,0,0,0,0,0,0,0,0.014964659,0,0,0,0,0,0,0,0,0,0,0,0,0,0,0,0,0
"Means.2Moderate17 turquoise.txt",0.4655270179,0.148111523,-0.359301766,-0.356396987,0.048418226,0.1465883789,-0.071790796,-0.018844341,-0.192207013,0.003321313,-0.209651635,-0.030514136,0.1693754,-0.140055715,0.206410498,0.075078964,0.148168621,0.01313243,-0.220503063,0.023553898,0.058788234,0.227045111,-0.146824302,0.12794656,0.10609761,-0.034927697,0.077287049,0.080821032,-0.022906556,-0.053174834,0.086395783,0.000438481,-0.120646843,0.106783373,-0.295931273,0.101352778,-0.153161592,-0.025959488,0.023894855,0.000593539999999997,-0.088640922,-0.063178505,-0.03522452,0.000644256999999999,-0.070239186,-0.044045365,0.01929741,0.101014531,0.002957479,0.018184997,-0.052377141,-0.004213553,-0.003091361,0.025147138,0.006263373,0,-0.015024541,0.1117577,0.032543104,-0.057726137,0,-0.048711781,0.063230579,-0.00748998,0.052603171,0.028219621,0.019671061,0.008326104,0,0.008326104,-0.055271312,0.014070146,0.018181135,0,-0.030691843,-0.069500611,0.06022098,-0.014288531,-0.029129687,0,0.055812256,0.013290763,0.021354528,0.063230579,0,-0.173801261,-0.082633754,0.023224223,0.035930688,0,0,0.137167469,0,0.077782054,0.028258576,-0.002010398,0,0,0,0,-0.021552053,-0.022721585,-0.022721585,0,0,0,0,0,0,0,0,0.137167469,0,0,0,0,0.011164261,0.055812256
"Means.3Extreme17 turquoise.txt",11.332578287,5.704006904,2.270904318,0.18749475,1.474905739,0.831655541,2.432671339,1.038950952,1.314079745,1.134126353,1.862605025,1.080554759,1.123678903,0.49793767,0.521774893,0.882271073,0.764402907,0.212339259,0.50796361,0.556704722,0.51983763,1.504745298,0.285326826,0.40232696,0.215116574,0.365677805,0.413236188,0.365495731,0.630761885,0.689611175,0.562030994,0.076458587,0.10636325,0.606119992,0.364110439,0.862275299,0.201349271,0.444932611,0.626663624,0.790436437,0.470139449,0.332902938,0.057150281,0.306124667,0.238144597,0.545678111,0.282606201,0.694931017,0.41985406,0.634648475,0.014124105,0.902026406,0.407895192,0.608590104,0.038399807,0,0.462169485,0.462839209,0.177629505,0.384735796,0,0.017112962,0.077949654,0.309298198,0.263894199,0.09372843,0.059610214,0.081242319,0,0.081242319,0.078395584,0.123692793,0.129372975,0,0.340239023,0.185366497,0.05867772,0.010105921,0.1305919,0,0.067281386,0.035878205,0.741175887,0.077949654,0,-0.029664064,0.067155389,0.049798673,0.224421075,0,0,0.126367411,0,0.307563101,0.045939697,0.019447763,0,0,0,0,0.091238829,0.019325379,0.019325379,0,0,0,0,0,0,0,0,0.126367411,0,0,0,0,0.048729143,0.067281386
"Means.4Recovery17 turquoise.txt",3.173980995,1.445956906,0.376929219,-0.167879494,0.399949174,0.452323066,0.504577869,0.299015903,0.211553049,0.336522479,-0.15517642,-0.00371888900000001,0.582399659,0.079775398,0.332714228,0.455452918,0.198989046,-0.060381303,0.093287566,0.043865396,0.162024951,0.384722454,-0.089868661,0.008877766,-0.011675217,0.080915294,0.140578364,0.065469006,-0.074083625,0.053887635,0.242938464,-0.006953293,-0.026775575,0.098522484,0.020285548,0.098868231,-0.099456896,0.142838604,0.322060507,0.151074527,0.158905974,0.093357163,-0.05745733,-0.040890863,-0.009160784,0.113610168,0.041774441,0.037232337,0.169050815,-0.002240196,-0.041204176,0.222569946,0.105324393,0.219336176,-0.008068644,0,0.138787198,0.176837323,0.050071073,0.049848664,0,0.005510342,0.082866408,-0.022171116,0.102602656,0.036821836,0.015474974,0.03490585,0,0.03490585,-0.118287902,-0.002255264,0.062060855,0,0.048358279,0.108244215,0.028114747,0.008780631,-0.032046002,0,0.061109237,0.031095567,0.327339902,0.082866408,0,-0.031882793,0.039776998,0.003704176,0.134764598,0,0,0.03975942,0,0.081119153,0.051575602,-0.008180048,0,0,0,0,0.027161949,-0.028057156,-0.028057156,0,0,0,0,0,0,0,0,0.03975942,0,0,0,0,-0.02511865,0.061109237
"Means.5ControlA17 turquoise.txt",-0.69971069884,-0.48231420164,-0.2549467963,-0.313241222,-0.1291586153,0.22357001,-0.2235879073,-0.0747269873,-0.163028498,-0.015242077,0.119753116,-0.1377422422,-0.174963315,-0.021393092,-0.072152626,-0.236874565,0.017922073,0.024309139,-0.064225021,-0.153203624,-0.107878458,0.070617235,-0.000218434999999999,0.025630344,-0.06793256134,-0.029798509,0.051097993,0.101534613,-0.028496352,-0.069787306,0.150222605,-0.01358475034,-0.057156892,0.048702859,-0.238598285,0.017476472,-0.135240032,0.019027934,-0.153360527,-0.020739608,-0.094378263,-0.174643866,-0.065719534,-0.00711448,-0.062935297,-0.025321294,-0.050585003,0.117550379,-0.001010552,-0.069612794,-0.008413296,-0.054279592,-0.042077264,0.024491988,-0.002708555,0,0.006466935,0.029272013,0.050615885,0.002580339,0,-0.098573864,0.016328868,-0.034157906,-0.000264471,-0.069960986,0.041552645,0.052576262,0,0.052576262,-0.045335733,0.041924751,-0.00094398,0,0.004904236,-0.087541099,-0.005682518,0.001065273,-0.036683246,0,0.027013354,-0.033824923,-0.011928992,0.016328868,0,-0.052942662,-0.088664455,-0.005510039,0.052707934,0,0,0.042753014,0,0.014814272,0.031452047,-0.040475107,0,0,0,0,0.002499322,-0.022404374,-0.022404374,0,0,0,0,0,0,0,0,0.042753014,0,0,0,0,-0.048050764,0.027013354
"Means.2Moderate18 yellow.txt",-0.197331752,-0.2290974,-0.005135415,-0.966834259,-0.058673649,0,0,0,0,0,-0.00970676,-0.024773122,0.002647357,0,0,0,0.002647357,-0.043017435,0,0,-0.036589115,0,0,0,-0.021441625,-0.001725546,-0.005135415,-0.005135415,0,-0.024773122,-0.00970676,-0.132195764,-0.043017435,-0.043017435,0,0,0,0,-0.04872794,0,0,0,-0.03593796,0,0,0.058264316,0.002647357,0,-0.062592311,0,-0.00970676,0,-0.017600274,0,0,0,0,0,0,0,0,0,0,0,0,0,0,0,0,0,0,0,0,0,0,0,0,0,0,0,0,0,0,0,0,0,0,-0.005135415,0,-0.070727596,0.007852596,0,0,0,0,0,0,0,0,0,0,0,0,0,0,0,0,0,0,0,0,0,0,0,0,0,0,0
"Means.3Extreme18 yellow.txt",-0.40294406,-0.385575403,-0.004171169,-1.126696429,-0.085992284,0,0,0,0,0,-0.044263415,-0.002158519,-0.048509487,0,0,0,-0.048509487,-0.061165029,0,0,-0.061863097,0,0,0,-0.047351882,-0.0434657,-0.004171169,-0.004171169,0,-0.002158519,-0.044263415,-0.218436939,-0.061165029,-0.061165029,0,0,0,0,-0.037081405,0,0,0,-0.058558785,0,0,0.028255562,-0.048509487,0,-0.055765413,0,-0.044263415,0,-0.02326233,0,0,0,0,0,0,0,0,0,0,0,0,0,0,0,0,0,0,0,0,0,0,0,0,0,0,0,0,0,0,0,0,0,0,-0.004171169,0,-0.121051405,0.004444712,0,0,0,0,0,0,0,0,0,0,0,0,0,0,0,0,0,0,0,0,0,0,0,0,0,0,0
"Means.4Recovery18 yellow.txt",0.054364618,-0.095007595,0.009264228,-0.649893307,-0.014536112,0,0,0,0,0,-0.014606087,0.014743114,0.004079973,0,0,0,0.004079973,-0.040288541,0,0,-0.031841345,0,0,0,0.002610857,0.022828515,0.009264228,0.009264228,0,0.014743114,-0.014606087,-0.061929985,-0.040288541,-0.040288541,0,0,0,0,-0.052365611,0,0,0,-0.02611555,0,0,0.111800584,0.004079973,0,-0.050061362,0,-0.014606087,0,0.00231521,0,0,0,0,0,0,0,0,0,0,0,0,0,0,0,0,0,0,0,0,0,0,0,0,0,0,0,0,0,0,0,0,0,0,0.009264228,0,-0.045993793,0.02974414,0,0,0,0,0,0,0,0,0,0,0,0,0,0,0,0,0,0,0,0,0,0,0,0,0,0,0
"Means.5ControlA18 yellow.txt",-0.183187652,-0.194701057,0.017197902,-0.831150679,-0.004681823,0,0,0,0,0,-0.046029264,0.028642617,-0.014754014,0,0,0,-0.014754014,-0.046507376,0,0,-0.042007571,0,0,0,-0.027137211,-0.010414053,0.017197902,0.017197902,0,0.028642617,-0.046029264,-0.150373166,-0.046507376,-0.046507376,0,0,0,0,-0.042125867,0,0,0,-0.02037706,0,0,-0.006715159,-0.014754014,0,-0.052658216,0,-0.046029264,0,-0.001502665,0,0,0,0,0,0,0,0,0,0,0,0,0,0,0,0,0,0,0,0,0,0,0,0,0,0,0,0,0,0,0,0,0,0,0.017197902,0,-0.034747358,0.017233813,0,0,0,0,0,0,0,0,0,0,0,0,0,0,0,0,0,0,0,0,0,0,0,0,0,0,0
